Country,Year,No. of cases,No. of deaths,No. of cases_median,No. of cases_min,No. of cases_max,No. of deaths_median,No. of deaths_min,No. of deaths_max,WHO Region,Reported No. of Cases,Reported No. of deaths,Changes in inventories,Exports of goods and services,Final consumption expenditure,General government final consumption expenditure,Gross Domestic Product (GDP),Gross capital formation,Gross fixed capital formation (including Acquisitions less disposals of valuables),Household consumption expenditure (including Non-profit institutions serving households),Imports of goods and services,Population,GDP_per_capita
Afghanistan,2015,369809[247000-524000],175[60-320],369809,247000.0,524000.0,175,60.0,320.0,Eastern Mediterranean,86895.0,49.0,0.0,185698000000.0,1169480000000.0,253694000000.0,1144180000000.0,156783000000.0,156783000000.0,915786000000.0,379660000000.0,33750000.0,33901.62962962963
Algeria,2015,0,0,0,0.0,0.0,0,0.0,0.0,Africa,0.0,0.0,1424560000000.0,3872630000000.0,10457300000000.0,3603310000000.0,16712700000000.0,8486820000000.0,7062260000000.0,6853950000000.0,6104030000000.0,39540000.0,422678.3004552352
Angola,2015,4303582[2882000-6212000],13046[9640-16400],4303582,2882000.0,6212000.0,13046,9640.0,16400.0,Africa,2769305.0,7832.0,836025000000.0,4150850000000.0,9650370000000.0,2292430000000.0,13950300000000.0,4771350000000.0,3935320000000.0,7357940000000.0,4622280000000.0,28130000.0,495922.50266619265
Argentina,2015,0,0,0,0.0,0.0,0,0.0,0.0,Americas,0.0,0.0,89672540808.0,637469000000.0,5002040000000.0,1077670000000.0,5954510000000.0,1016480000000.0,926804000000.0,3924370000000.0,701476000000.0,43260000.0,137644.70642625983
Armenia,2015,0,0,0,0.0,0.0,0,0.0,0.0,Europe,0.0,0.0,5949900000.0,1499240000000.0,4591090000000.0,661301000000.0,5043630000000.0,1045570000000.0,1039620000000.0,3929790000000.0,2116140000000.0,2880000.0,1751260.4166666667
Azerbaijan,2015,0,0,0,0.0,0.0,0,0.0,0.0,Europe,0.0,0.0,48000000.0,20552800000.0,37575700000.0,6747600000.0,54380000000.0,15179400000.0,15131400000.0,30828100000.0,18927900000.0,9860000.0,5515.212981744422
Bangladesh,2015,44948[41000-49000],107[4-180],44948,41000.0,49000.0,107,4.0,180.0,South-East Asia,6608.0,9.0,0.0,2631690000000.0,13495900000000.0,959737000000.0,17833000000000.0,5243090000000.0,5243090000000.0,12536200000000.0,3680850000000.0,157830000.0,112988.65868339353
Belize,2015,9,0,9,0.0,0.0,0,0.0,0.0,Americas,9.0,0.0,16064383.0,2261816618.0,3487480910.0,753635302.0,4420845340.0,732785715.0,716721333.0,2733845608.0,2302933748.0,360000.0,12280.125944444444
Benin,2015,3787806[2518000-6071000],6872[5340-8410],3787806,2518000.0,6071000.0,6872,5340.0,8410.0,Africa,1268347.0,1416.0,15898000000.0,1664380000000.0,5829510000000.0,768307000000.0,6732810000000.0,1395840000000.0,1379940000000.0,5061200000000.0,2156920000000.0,10930000.0,615993.5956084172
Bhutan,2015,34,0,34,0.0,0.0,0,0.0,0.0,South-East Asia,34.0,0.0,-348703937.0,44261735258.0,87430075807.0,23465545079.0,128535000000.0,71286962499.0,71635666436.0,63964530728.0,81549190128.0,740000.0,173695.94594594595
Botswana,2015,519[400-730],1[0-2],519,400.0,730.0,1,0.0,2.0,Africa,326.0,5.0,1836500000.0,72762600000.0,106404000000.0,43362700000.0,137053000000.0,38982300000.0,37145800000.0,63041300000.0,81971300000.0,2310000.0,59330.30303030303
Brazil,2015,158963[143000-172000],35,158963,143000.0,172000.0,35,0.0,0.0,Americas,138229.0,35.0,-25433000000.0,773468000000.0,5020970000000.0,1185780000000.0,5995790000000.0,1043960000000.0,1069400000000.0,3835190000000.0,842614000000.0,205190000.0,29220.673522101468
Burkina Faso,2015,7770245[5534000-11050000],29833[26500-33100],7770245,5534000.0,11050000.0,29833,26500.0,33100.0,Africa,7015446.0,5379.0,17152000000.0,1826310000000.0,6118600000000.0,1115340000000.0,6995310000000.0,1357560000000.0,1340410000000.0,5003260000000.0,2307160000000.0,18720000.0,373681.08974358975
Burundi,2015,1957365[1186000-3159000],5044[4110-5980],1957365,1186000.0,3159000.0,5044,4110.0,5980.0,Africa,5159706.0,3799.0,55960000000.0,278422000000.0,4814360000000.0,814521000000.0,4417870000000.0,599773000000.0,543813000000.0,3999840000000.0,1274680000000.0,10730000.0,411730.66169617896
Cabo Verde,2015,7,0,7,0.0,0.0,0,0.0,0.0,Africa,7.0,0.0,2225300000.0,71267700000.0,133409000000.0,29918300000.0,158699000000.0,47905900000.0,45680600000.0,103491000000.0,93884200000.0,550000.0,288543.63636363635
Cambodia,2015,224858[201000-256000],385[30-660],224858,201000.0,256000.0,385,30.0,660.0,Western Pacific,33930.0,10.0,747500000000.0,45315300000000.0,60355800000000.0,3963340000000.0,73422700000000.0,16485600000000.0,15738100000000.0,56392400000000.0,48565900000000.0,15420000.0,4761523.994811933
Cameroon,2015,7223417[4647000-10940000],12445[9580-15300],7223417,4647000.0,10940000.0,12445,9580.0,15300.0,Africa,1162784.0,3440.0,-68921835805.0,3996980000000.0,16246000000000.0,2333520000000.0,19043100000000.0,3475330000000.0,3544250000000.0,13912500000000.0,4675260000000.0,23010000.0,827601.0430247718
Central African Republic,2015,1758188[754000-3277000],5289[4350-6220],1758188,754000.0,3277000.0,5289,4350.0,6220.0,Africa,598833.0,1763.0,12358460000.0,171119000000.0,974563000000.0,148151000000.0,1002590000000.0,218620000000.0,206261000000.0,826412000000.0,361710000000.0,4820000.0,208006.22406639004
Chad,2015,2690084[1407000-4633000],9206[6950-11500],2690084,1407000.0,4633000.0,9206,6950.0,11500.0,Africa,787046.0,1572.0,7659546922.0,2406470000000.0,6188070000000.0,613124000000.0,8520380000000.0,1546190000000.0,1538530000000.0,5574940000000.0,1620350000000.0,14140000.0,602572.8429985855
China,2015,39,0,39,0.0,0.0,0,0.0,0.0,Western Pacific,39.0,20.0,785700000000.0,14709900000000.0,37192000000000.0,11171800000000.0,68885800000000.0,29782700000000.0,28997000000000.0,26020200000000.0,12475300000000.0,1393720000.0,49425.85311253336
Colombia,2015,72460[54000-93000],0,72460,54000.0,93000.0,0,0.0,0.0,Americas,47616.0,18.0,3183000000000.0,125936000000000.0,670201000000000.0,119188000000000.0,804692000000000.0,191305000000000.0,188122000000000.0,551013000000000.0,182750000000000.0,47120000.0,17077504.244482175
Comoros,2015,1300,3[0-5],1300,0.0,0.0,3,0.0,5.0,Africa,1300.0,1.0,607000000.0,43418000000.0,445028000000.0,45370000000.0,428346000000.0,58418000000.0,57811000000.0,399658000000.0,118518000000.0,730000.0,586775.3424657534
Congo,2015,1044034[561000-1718000],2001[1780-2220],1044034,561000.0,1718000.0,2001,1780.0,2220.0,Americas,51529.0,435.0,-89586000000.0,3003650000000.0,4065690000000.0,1419320000000.0,7029660000000.0,5581630000000.0,5671210000000.0,2646370000000.0,5621300000000.0,5060000.0,1389260.8695652173
Costa Rica,2015,0,0,0,0.0,0.0,0,0.0,0.0,Americas,0.0,0.0,-40792375681.0,9050270000000.0,24713400000000.0,5117230000000.0,30171900000000.0,5688530000000.0,5729320000000.0,19596100000000.0,9280250000000.0,4900000.0,6157530.6122448975
Democratic Republic of the Congo,2015,24159871[15210000-37230000],46276[35500-57000],24159871,15210000.0,37230000.0,46276,35500.0,57000.0,Africa,11627473.0,39054.0,65200000000.0,9734800000000.0,29604300000000.0,5070500000000.0,35111200000000.0,6869700000000.0,6804500000000.0,24533800000000.0,11097600000000.0,78660000.0,446366.6412407831
Djibouti,2015,9473,23,9473,0.0,0.0,23,0.0,0.0,Eastern Mediterranean,9473.0,23.0,-49960148645.0,610974000000.0,351087000000.0,85790000000.0,434612000000.0,79011501170.0,128972000000.0,265297000000.0,606461000000.0,1010000.0,430308.9108910891
Dominican Republic,2015,751[660-850],1[0-3],751,660.0,850.0,1,0.0,3.0,Americas,631.0,3.0,5974586706.0,761714000000.0,2603180000000.0,329822000000.0,3205660000000.0,751474000000.0,745500000000.0,2273360000000.0,910710000000.0,10410000.0,307940.44188280497
Ecuador,2015,618,0,618,0.0,0.0,0,0.0,0.0,Americas,618.0,0.0,288967000.0,21107369000.0,75319038000.0,14327128000.0,99290381000.0,26679423000.0,26390456000.0,60991910000.0,23815449000.0,16200000.0,6129.035864197531
Egypt,2015,0,0,0,0.0,0.0,0,0.0,0.0,Eastern Mediterranean,0.0,0.0,15330000000.0,322281000000.0,2301940000000.0,287403000000.0,2443860000000.0,349062000000.0,333732000000.0,2014540000000.0,529426000000.0,97720000.0,25008.80065493246
El Salvador,2015,2,0,2,0.0,0.0,0,0.0,0.0,Americas,2.0,0.0,76127145.0,6911038937.0,23806447300.0,3866705941.0,23438237940.0,3754095811.0,3677968665.0,19939741359.0,11033344107.0,6230000.0,3762.1569727126807
Equatorial Guinea,2015,418770[259000-628000],807[640-970],418770,259000.0,628000.0,807,640.0,970.0,Africa,15142.0,28.0,13290000000.0,4416770000000.0,4744260000000.0,1708870000000.0,7795420000000.0,1925580000000.0,1912290000000.0,3035390000000.0,3291190000000.0,1350000.0,5774385.185185186
Eritrea,2015,64176[41000-89000],129[6-270],64176,41000.0,89000.0,129,6.0,270.0,Africa,19372.0,12.0,0.0,9739959050.0,26263852854.0,6145800997.0,30952900000.0,3183107346.0,3183107346.0,20118051857.0,8234019250.0,3340000.0,9267.335329341317
Eswatini,2015,157,0,157,0.0,0.0,0,0.0,0.0,Africa,157.0,5.0,0.0,22325626953.0,46028234759.0,11372312884.0,51783896364.0,6481517578.0,6481517578.0,34655921875.0,21225568359.0,1130000.0,45826.45695929204
Ethiopia,2015,3632424[520000-9265000],6795[80-22700],3632424,520000.0,9265000.0,6795,80.0,22700.0,Africa,1867059.0,662.0,3181680000.0,121532000000.0,1013200000000.0,116996000000.0,1297960000000.0,511618000000.0,508436000000.0,896208000000.0,393189000000.0,102470000.0,12666.731726358934
Gabon,2015,333155[143000-631000],498[440-560],333155,143000.0,631000.0,498,440.0,560.0,Africa,23867.0,309.0,0.0,3914300000000.0,4477500000000.0,1259900000000.0,8503500000000.0,2485600000000.0,2485600000000.0,3217600000000.0,2374000000000.0,2029999.9999999998,4188916.256157636
Gambia,2015,412588[333000-501000],659[570-750],412588,333000.0,501000.0,659,570.0,750.0,Africa,240382.0,167.0,0.0,9121568448.0,52715850000.0,4877800000.0,58581100000.0,11921100000.0,11921100000.0,47838050000.0,16960110375.0,2250000.0,26036.044444444444
Georgia,2015,0,0,0,0.0,0.0,0,0.0,0.0,Europe,0.0,1.0,659170000.0,13866600000.0,30795905000.0,4849540000.0,33935000000.0,8923100000.0,8263930000.0,25946365000.0,19650600000.0,3770000.0,9001.326259946949
Ghana,2015,7513657[4861000-11440000],11749[10600-12900],7513657,4861000.0,11440000.0,11749,10600.0,12900.0,Africa,4319919.0,2137.0,1510906592.0,62089852756.0,148696000000.0,14095670025.0,183526000000.0,51086000496.0,49575093904.0,134600000000.0,78346299372.0,28870000.0,6356.97956356079
Guatemala,2015,8621[7200-11000],3[1-6],8621,7200.0,11000.0,3,1.0,6.0,Americas,6836.0,1.0,1483164909.0,94394886253.0,454152000000.0,52781927597.0,476023000000.0,70585402208.0,69102237299.0,401370000000.0,143109000000.0,16000000.0,29751.4375
Guinea,2015,4205085[2811000-5957000],8542[6900-10200],4205085,2811000.0,5957000.0,8542,6900.0,10200.0,Africa,810979.0,846.0,127835000000.0,14151200000000.0,69308600000000.0,12837900000000.0,65829100000000.0,15906500000000.0,15778700000000.0,56470700000000.0,33537200000000.0,11630000.0,5660283.748925193
Guinea-Bissau,2015,106338[40000-258000],661[570-760],106338,40000.0,258000.0,661,570.0,760.0,Africa,142309.0,477.0,-8425377015.0,170643000000.0,624868000000.0,96207682122.0,619726000000.0,25737097149.0,34162474165.0,528660000000.0,201522000000.0,1790000.0,346215.64245810057
Guyana,2015,17848[13000-24000],22[2-40],17848,13000.0,24000.0,22,2.0,40.0,Americas,9984.0,12.0,0.0,381117000000.0,822435000000.0,149807000000.0,883787000000.0,207717000000.0,207717000000.0,672628000000.0,539222000000.0,760000.0,1162877.6315789474
Haiti,2015,31181[21000-42000],79[2-160],31181,21000.0,42000.0,79,2.0,160.0,Americas,17583.0,15.0,0.0,84851923895.0,752245000000.0,59544297908.0,721432000000.0,102403000000.0,102403000000.0,692700000000.0,218068000000.0,10560000.0,68317.42424242424
Honduras,2015,4745[3800-5800],4[0-7],4745,3800.0,5800.0,4,0.0,7.0,Americas,3575.0,0.0,6606700000.0,207950000000.0,422711000000.0,65862100000.0,460405000000.0,115645000000.0,109038000000.0,356849000000.0,285901000000.0,9290000.0,49559.203444564046
India,2015,12200000[9175000-16200000],22326[1520-42000],12200000,9175000.0,16200000.0,22326,1520.0,42000.0,South-East Asia,1169261.0,384.0,2624770000000.0,27286500000000.0,95625800000000.0,14361700000000.0,137719000000000.0,44230800000000.0,41606000000000.0,81264100000000.0,30449200000000.0,1322870000.0,104106.22358961953
Indonesia,2015,1284900[1038000-1663000],2023[170-3840],1284900,1038000.0,1663000.0,2023,170.0,3840.0,South-East Asia,217025.0,157.0,144179000000000.0,2440000000000000.0,7750000000000000.0,1120000000000000.0,1.15e+16,3930000000000000.0,3780000000000000.0,6620000000000000.0,2390000000000000.0,259089999.99999997,44386120.65305493
Iran (Islamic Republic of),2015,167,0,167,0.0,0.0,0,0.0,0.0,Eastern Mediterranean,167.0,1.0,796030000000000.0,2270000000000000.0,8350000000000000.0,1880000000000000.0,1.21e+16,3870000000000000.0,3080000000000000.0,6470000000000000.0,2510000000000000.0,81790000.0,147939845.9469373
Iraq,2015,0,0,0,0.0,0.0,0,0.0,0.0,Eastern Mediterranean,0.0,0.0,-11699600000000.0,71374000000000.0,153743000000000.0,38600800000000.0,194681000000000.0,42103100000000.0,53802700000000.0,115142000000000.0,72539300000000.0,37760000.0,5155746.822033898
Kazakhstan,2015,0,0,0,0.0,0.0,0,0.0,0.0,Europe,0.0,0.0,2055000000000.0,11658800000000.0,26718000000000.0,4755940000000.0,40884100000000.0,11409900000000.0,9354910000000.0,21962100000000.0,10030100000000.0,17840000.0,2291709.6412556055
Kenya,2015,3455175[1921000-5783000],12331[11000-13600],3455175,1921000.0,5783000.0,12331,11000.0,13600.0,Africa,1499027.0,15061.0,850869141.0,1041510000000.0,6074960000000.0,876145000000.0,6884330000000.0,1521670000000.0,1520820000000.0,5198810000000.0,1734750000000.0,46850000.0,146944.07684098187
Kyrgyzstan,2015,0,0,0,0.0,0.0,0,0.0,0.0,Europe,0.0,0.0,7304700000.0,151488000000.0,466228000000.0,76435000000.0,430489000000.0,149257000000.0,141952000000.0,389793000000.0,326190000000.0,5920000.0,72717.73648648648
Liberia,2015,903748[427000-1559000],2158[1840-2470],903748,427000.0,1559000.0,2158,1840.0,2470.0,Africa,931086.0,1379.0,0.0,768000000.0,2321000000.0,654000000.0,2669000000.0,1089000000.0,1089000000.0,1667000000.0,1510000000.0,4610000.0,578.9587852494577
Madagascar,2015,2840141[2078000-3761000],7270[230-14000],2840141,2078000.0,3761000.0,7270,230.0,14000.0,Africa,744103.0,841.0,-985718000000.0,9430290000000.0,29378800000000.0,5029040000000.0,33216200000000.0,5311890000000.0,6297610000000.0,24349800000000.0,10904800000000.0,24850000.0,1336668.0080482897
Malawi,2015,4102579[2573000-6068000],7384[6240-8530],4102579,2573000.0,6068000.0,7384,6240.0,8530.0,Africa,3661238.0,3799.0,407338000000.0,978672000000.0,3822660000000.0,379291000000.0,4104740000000.0,925312000000.0,517974000000.0,3443370000000.0,1621900000000.0,16940000.0,242310.50767414403
Malaysia,2015,242,4,242,0.0,0.0,4,0.0,0.0,Western Pacific,242.0,4.0,-5194786400.0,817370000000.0,789121000000.0,154021000000.0,1176940000000.0,299229000000.0,304423000000.0,635099000000.0,728778000000.0,31070000.0,37880.2703572578
Mali,2015,6833022[4836000-9683000],16151[12700-19600],6833022,4836000.0,9683000.0,16151,12700.0,19600.0,Africa,2295611.0,1544.0,186351000000.0,1862830000000.0,7344140000000.0,1268420000000.0,7747690000000.0,1608490000000.0,1422140000000.0,6075720000000.0,3067770000000.0,18110000.0,427812.8106018774
Mauritania,2015,249961[100000-467000],1383[1190-1570],249961,100000.0,467000.0,1383,1190.0,1570.0,Africa,22631.0,39.0,8327200000.0,60456900000.0,157163000000.0,29267800000.0,200221000000.0,77007800000.0,68680600000.0,127895000000.0,94407300000.0,3950000.0,50688.86075949367
Mexico,2015,517,0,517,0.0,0.0,0,0.0,0.0,Americas,517.0,0.0,163872000000.0,6412000000000.0,14435900000000.0,2287560000000.0,18572100000000.0,4329730000000.0,4165860000000.0,12148400000000.0,6790740000000.0,120150000.0,154574.28214731585
Morocco,2015,0,0,0,0.0,0.0,0,0.0,0.0,Eastern Mediterranean,0.0,0.0,44459000000.0,323391000000.0,831443000000.0,195748000000.0,1078120000000.0,325346000000.0,280887000000.0,635695000000.0,402061000000.0,34680000.0,31087.658592848904
Mozambique,2015,9496089[6976000-12850000],15985[13100-18900],9496089,6976000.0,12850000.0,15985,13100.0,18900.0,Africa,7718782.0,2467.0,63248761414.0,198204000000.0,577193000000.0,165354000000.0,637760000000.0,263070000000.0,199822000000.0,411839000000.0,400708000000.0,26840000.0,23761.549925484353
Myanmar,2015,425073[348000-511000],754[60-1370],425073,348000.0,511000.0,754,60.0,1370.0,South-East Asia,182768.0,37.0,594539000000.0,17051200000000.0,55685100000000.0,16103700000000.0,74215700000000.0,24698600000000.0,24104100000000.0,39581400000000.0,22962300000000.0,51480000.0,1441641.4141414142
Namibia,2015,20092[16000-24000],51[1-90],20092,16000.0,24000.0,51,1.0,90.0,Africa,12168.0,45.0,-629769897.0,51648034180.0,140091000000.0,39758808594.0,146019000000.0,44618101196.0,45247871094.0,100333000000.0,90339083984.0,2280000.0,64043.42105263158
Nepal,2015,4084[2300-8700],2[0-7],4084,2300.0,8700.0,2,0.0,7.0,South-East Asia,591.0,0.0,90247265639.0,247565000000.0,2238830000000.0,213571000000.0,2423640000000.0,758052000000.0,667805000000.0,2025260000000.0,883444000000.0,27610000.0,87781.23868163709
Nicaragua,2015,2853[2400-3300],2[0-3],2853,2400.0,3300.0,2,0.0,3.0,Americas,2279.0,1.0,14649266525.0,139374000000.0,293986000000.0,48860865650.0,347707000000.0,116401000000.0,101751000000.0,245126000000.0,202054000000.0,6300000.0,55191.5873015873
Niger,2015,7397212[3902000-12230000],18769[14200-23300],7397212,3902000.0,12230000.0,18769,14200.0,23300.0,Africa,2272000.0,2778.0,-14324000000.0,816895000000.0,4799670000000.0,944521000000.0,5725220000000.0,1852500000000.0,1866820000000.0,3855150000000.0,1743850000000.0,20130000.0,284412.31992051663
Nigeria,2015,52697962[35940000-74500000],98478[77400-120000],52697962,35940000.0,74500000.0,98478,77400.0,120000.0,Africa,6850782.0,0.0,630960000000.0,10142800000000.0,81219700000000.0,6365600000000.0,95177700000000.0,14743100000000.0,14112200000000.0,75228900000000.0,10269900000000.0,184000000.0,517270.10869565216
Oman,2015,0,0,0,0.0,0.0,0,0.0,0.0,Eastern Mediterranean,0.0,0.0,714293698.0,15026620488.0,18371001621.0,7456590373.0,30264333578.0,11007556569.0,10293262871.0,10914411248.0,14140845100.0,4190000.0000000005,7222.991307398567
Pakistan,2015,992605[533000-2002000],781[150-1940],992605,533000.0,2002000.0,781,150.0,1940.0,Eastern Mediterranean,202013.0,34.0,517126000000.0,3106360000000.0,27692000000000.0,3162320000000.0,30524500000000.0,4863100000000.0,4345970000000.0,24529700000000.0,5147760000000.0,210970000.0,144686.44831018627
Panama,2015,580[560-620],0,580,560.0,620.0,0,0.0,0.0,Americas,546.0,0.0,1797347480.0,25793653662.0,33434525230.0,5563473437.0,54091713776.0,23127347480.0,21330000000.0,27871051793.0,28263810810.0,3960000.0,13659.52368080808
Papua New Guinea,2015,1066533[736000-1454000],2228[110-4450],1066533,736000.0,1454000.0,2228,110.0,4450.0,Western Pacific,297787.0,163.0,363638575.0,34824422168.0,45380981756.0,12551727933.0,60139132136.0,4893554679.0,4529916104.0,32829253823.0,24959826467.0,8680000.0,6928.471444239632
Paraguay,2015,0,0,0,0.0,0.0,0,0.0,0.0,Americas,0.0,0.0,4672140000000.0,65525700000000.0,142357000000000.0,22246300000000.0,188477000000000.0,41236400000000.0,36564200000000.0,120110000000000.0,60641300000000.0,6180000.0,30497896.44012945
Peru,2015,91640[77000-108000],5,91640,77000.0,108000.0,5,0.0,0.0,Americas,61865.0,5.0,7353000000.0,128664000000.0,473155000000.0,78366000000.0,604416000000.0,146904000000.0,139551000000.0,394789000000.0,144307000000.0,30710000.0,19681.40670791273
Philippines,2015,26726[20000-35000],59[2-120],26726,20000.0,35000.0,59,2.0,120.0,Western Pacific,8266.0,20.0,-125425000000.0,3793930000000.0,11627300000000.0,1521540000000.0,13944200000000.0,2975820000000.0,3101240000000.0,10105700000000.0,4452860000000.0,103030000.0,135341.1627681258
Republic of Korea,2015,627,0,627,0.0,0.0,0,0.0,0.0,Western Pacific,627.0,0.0,8599800000000.0,712776000000000.0,1050000000000000.0,250088000000000.0,1660000000000000.0,489602000000000.0,481002000000000.0,804812000000000.0,599257000000000.0,50990000.0,32555403.02020004
Rwanda,2015,3799535[2887000-4747000],3218[2910-3530],3799535,2887000.0,4747000.0,3218,2910.0,3530.0,Africa,2505794.0,516.0,17000000000.0,814000000000.0,5808000000000.0,851000000000.0,6147000000000.0,1491000000000.0,1474000000000.0,4957000000000.0,1966000000000.0,11640000.0,528092.7835051547
Sao Tome and Principe,2015,2058,0,2058,0.0,0.0,0,0.0,0.0,Africa,2058.0,0.0,0.0,1958241136.0,6879217477.0,1772335123.0,7030510487.0,2254114156.0,2254114156.0,5106882354.0,4061062281.0,200000.0,35152.552435
Saudi Arabia,2015,83,0,83,0.0,0.0,0,0.0,0.0,Eastern Mediterranean,83.0,0.0,105996000000.0,817539000000.0,1724950000000.0,736139000000.0,2453510000000.0,838429000000.0,732432000000.0,988807000000.0,927402000000.0,32750000.0,74916.3358778626
Senegal,2015,1176494[798000-1591000],4424[3940-4910],1176494,798000.0,1591000.0,4424,3940.0,4910.0,Africa,492253.0,526.0,274410000000.0,2383070000000.0,9221710000000.0,1502660000000.0,10508700000000.0,2714730000000.0,2440320000000.0,7719050000000.0,3723550000000.0,14360000.0,731803.6211699165
Sierra Leone,2015,2727461[1860000-4045000],17700[16100-19300],2727461,1860000.0,4045000.0,17700,16100.0,19300.0,Africa,1483376.0,1107.0,-7933042922.0,4146340000000.0,24270500000000.0,2194050000000.0,21583600000000.0,3325630000000.0,3333560000000.0,22076500000000.0,10158900000000.0,7310000.0,2952612.8590971273
Solomon Islands,2015,39916[33000-49000],58[5-100],39916,33000.0,49000.0,58,5.0,100.0,Western Pacific,23998.0,13.0,-2900000.0,4178000000.0,9628600000.0,3060500000.0,10351691545.0,1650600000.0,1653500000.0,6568100000.0,4951000000.0,610000.0,16969.986139344262
Somalia,2015,514253[302000-770000],1316[40-2940],514253,302000.0,770000.0,1316,40.0,2940.0,Eastern Mediterranean,20953.0,27.0,0.0,23099100000000.0,169340000000000.0,7290130000000.0,118719000000000.0,15013300000000.0,15013300000000.0,162050000000000.0,88733300000000.0,13760000.0,8627834.302325582
South Africa,2015,1157,110,1157,0.0,0.0,110,0.0,0.0,Africa,555.0,110.0,27596946697.0,1225160000000.0,3654500000000.0,839291000000.0,4420790000000.0,823735000000.0,796138000000.0,2815210000000.0,1282610000000.0,55880000.0,79112.20472440944
South Sudan,2015,1805509[1081000-2834000],5570[4790-6340],1805509,1081000.0,2834000.0,5570,4790.0,6340.0,Africa,0.0,0.0,0.0,10364644015.0,67473964819.0,16636941303.0,25479593668.0,5094231734.0,5094231734.0,50837023515.0,57453246868.0,11190000.0,2276.9967531724756
Sri Lanka,2015,0,0,0,0.0,0.0,0,0.0,0.0,South-East Asia,0.0,0.0,563197000000.0,2301070000000.0,8360930000000.0,984755000000.0,10950600000000.0,3414560000000.0,2851360000000.0,7376180000000.0,3125930000000.0,21340000.0,513149.0159325211
Sudan,2015,1476591[873000-2288000],3780[100-8730],1476591,873000.0,2288000.0,3780,100.0,8730.0,Eastern Mediterranean,586827.0,868.0,4863470000.0,32891400000.0,472136000000.0,31619000000.0,505761000000.0,61955700000.0,57092230000.0,440517000000.0,61222800000.0,38170000.0,13250.222687974849
Suriname,2015,81,0,81,0.0,0.0,0,0.0,0.0,Americas,81.0,0.0,0.0,7144766000.0,11263214000.0,2570694000.0,17514647000.0,7888165000.0,7888165000.0,8692520000.0,8781498000.0,580000.0,30197.66724137931
Syrian Arab Republic,2015,0,0,0,0.0,0.0,0,0.0,0.0,Eastern Mediterranean,0.0,0.0,443025000000.0,1521390000000.0,3399230000000.0,571240000000.0,4732660000000.0,1349440000000.0,906414000000.0,2827990000000.0,1537400000000.0,19210000.0,246364.39354502864
Tajikistan,2015,0,0,0,0.0,0.0,0,0.0,0.0,Europe,0.0,0.0,3044800000.0,4997200000.0,42206300000.0,5892500000.0,50977800000.0,22781700000.0,19736900000.0,36313800000.0,20460000000.0,8520000.0,5983.30985915493
Thailand,2015,17427,33,17427,0.0,0.0,33,0.0,0.0,South-East Asia,8022.0,33.0,-298624000000.0,9295640000000.0,9409590000000.0,2353040000000.0,13743500000000.0,3072450000000.0,3371070000000.0,7056550000000.0,7861680000000.0,70290000.0,195525.67932849622
Timor-Leste,2015,141[120-160],0,141,120.0,160.0,0,0.0,0.0,South-East Asia,80.0,0.0,20761218.0,48508505.0,1865440705.0,937368360.0,1594410884.0,587382631.0,566621414.0,928072344.0,906920958.0,1210000.0,1317.6949454545454
Togo,2015,2800982[1943000-4129000],5268[4290-6250],2800982,1943000.0,4129000.0,5268,4290.0,6250.0,Africa,1113927.0,1205.0,2796000000.0,908881000000.0,3080180000000.0,443310000000.0,3402690000000.0,856969000000.0,854173000000.0,2636870000000.0,1443340000000.0,7470000.0,455514.0562248996
Turkmenistan,2015,0,0,0,0.0,0.0,0,0.0,0.0,Europe,0.0,0.0,0.0,92825998029.0,25927217408.0,11263563141.0,125299000000.0,61546940068.0,61546940068.0,14663654267.0,55359234437.0,5770000.0,21715.597920277298
Uganda,2015,8182789[4914000-12970000],13809[11300-16300],8182789,4914000.0,12970000.0,13809,11300.0,16300.0,Africa,7137662.0,6100.0,541760000000.0,12998100000000.0,77969600000000.0,7264670000000.0,94940600000000.0,23017200000000.0,22475400000000.0,70704900000000.0,19313100000000.0,37480000.0,2533100.320170758
United Arab Emirates,2015,0,0,0,0.0,0.0,0,0.0,0.0,Eastern Mediterranean,0.0,0.0,29739250214.0,1326700000000.0,629231000000.0,163467000000.0,1315250000000.0,337220000000.0,307480000000.0,465764000000.0,977900000000.0,8920000.0,147449.55156950673
Uzbekistan,2015,0,0,0,0.0,0.0,0,0.0,0.0,Europe,0.0,0.0,9413530000000.0,30471800000000.0,173804000000000.0,30141100000000.0,221351000000000.0,58311200000000.0,48897700000000.0,143663000000000.0,37594700000000.0,30950000.0,7151890.1453958
Vanuatu,2015,788[670-940],0[0-1],788,670.0,940.0,0,0.0,1.0,Western Pacific,423.0,0.0,664811400.0,36668900000.0,67659700000.0,13114700000.0,82797900000.0,27886500000.0,27221688600.0,54545000000.0,53380600000.0,280000.0,295706.78571428574
Viet Nam,2015,11283[10000-12000],16[1-30],11283,10000.0,12000.0,16,1.0,30.0,Western Pacific,9331.0,3.0,100306000000000.0,3790000000000000.0,3630000000000000.0,553131000000000.0,5190000000000000.0,1670000000000000.0,1570000000000000.0,3080000000000000.0,3740000000000000.0,92190000.0,56296778.39245038
Yemen,2015,1022338[606000-4645000],2607[80-11600],1022338,606000.0,4645000.0,2607,80.0,11600.0,Eastern Mediterranean,76259.0,14.0,-238682000000.0,402573000000.0,6246450000000.0,1042210000000.0,5729030000000.0,719826000000.0,958508000000.0,5204240000000.0,1639810000000.0,28520000.0,200877.62973352033
Zambia,2015,3347169[2398000-4710000],7526[6470-8580],3347169,2398000.0,4710000.0,7526,6470.0,8580.0,Africa,4184661.0,2389.0,7980700000.0,68107200000.0,119995000000.0,27104800000.0,180062000000.0,78471500000.0,70490800000.0,92890370000.0,86511500000.0,16250000.0,11080.738461538462
Zimbabwe,2015,1081888[739000-1465000],2769[80-5480],1081888,739000.0,1465000.0,2769,80.0,5480.0,Africa,391651.0,200.0,8000000.0,3824968960.0,21638589192.0,3768540612.0,19963120615.0,2003427020.0,1995427020.0,17870048580.0,7503864558.0,14150000.0,1410.8212448763252
Afghanistan,2010,353343[181000-581000],200[60-410],353343,181000.0,581000.0,200,60.0,410.0,Eastern Mediterranean,69397.0,22.0,0.0,124773000000.0,789122000000.0,133534000000.0,682800000000.0,98349820407.0,98349820407.0,655588000000.0,237071000000.0,28190000.0,24221.355090457608
Algeria,2010,1,1,1,0.0,0.0,1,0.0,0.0,Africa,1.0,1.0,617218000000.0,4610100000000.0,6181320000000.0,2065760000000.0,11991600000000.0,4968140000000.0,4350920000000.0,4115570000000.0,3768000000000.0,35860000.0,334400.4461795873
Angola,2010,3125901[2009000-4595000],13351[9730-17000],3125901,2009000.0,4595000.0,13351,9730.0,17000.0,Africa,1682870.0,8114.0,-3018000000.0,4739840000000.0,4069560000000.0,1312540000000.0,7701650000000.0,2171660000000.0,2174680000000.0,2757020000000.0,3279400000000.0,23360000.0,329693.9212328767
Argentina,2010,14,0,14,0.0,0.0,0,0.0,0.0,Americas,14.0,0.0,17681834715.0,314627000000.0,1319370000000.0,251979000000.0,1661720000000.0,294217000000.0,276535000000.0,1067390000000.0,266493000000.0,41100000.0,40431.143552311434
Armenia,2010,0,0,0,0.0,0.0,0,0.0,0.0,Europe,0.0,0.0,-26321565372.0,862214000000.0,3395490000000.0,413172000000.0,3690040000000.0,1209080000000.0,1235400000000.0,2982320000000.0,1640170000000.0,2950000.0,1250861.0169491526
Azerbaijan,2010,50,0,50,0.0,0.0,0,0.0,0.0,Europe,50.0,0.0,-45500000.0,23060500000.0,21336100000.0,4620800000.0,42465000000.0,7669000000.0,7714500000.0,16715300000.0,8782300000.0,9240000.0,4595.779220779221
Bangladesh,2010,113895[97000-133000],274[10-470],113895,97000.0,133000.0,274,10.0,470.0,South-East Asia,55873.0,37.0,0.0,1278800000000.0,6703870000000.0,434293000000.0,8572790000000.0,2267790000000.0,2267790000000.0,6269570000000.0,1722320000000.0,148390000.0,57772.01967787587
Belize,2010,150,0,150,0.0,0.0,0,0.0,0.0,Americas,150.0,0.0,55071377.0,1770858431.0,2733543366.0,571477503.0,3477357620.0,529118960.0,474047583.0,2162065863.0,1547257995.0,320000.0,10866.7425625
Benin,2010,3713395[2495000-5565000],8273[6520-10000],3713395,2495000.0,5565000.0,8273,6520.0,10000.0,Africa,0.0,964.0,-96339849738.0,1088540000000.0,4231040000000.0,528976000000.0,4718030000000.0,736387000000.0,832727000000.0,3702060000000.0,1337930000000.0,9450000.0,499262.4338624339
Bhutan,2010,526,2,526,0.0,0.0,2,0.0,0.0,South-East Asia,436.0,2.0,367480597.0,30777021045.0,46239962694.0,14487848213.0,70782710490.0,44727457267.0,44359976669.0,31752114481.0,51278270934.0,710000.0,99693.95843661972
Botswana,2010,3072[1300-8600],7[0-30],3072,1300.0,8600.0,7,0.0,30.0,Africa,1046.0,8.0,6814300000.0,36182100000.0,63144300000.0,26421500000.0,85852900000.0,29792700000.0,22978400000.0,36722800000.0,45068200000.0,2089999.9999999998,41077.94258373206
Brazil,2010,384655[346000-417000],76,384655,346000.0,417000.0,76,0.0,0.0,Americas,334483.0,76.0,49220000000.0,422220000000.0,3079130000000.0,738966000000.0,3885850000000.0,847166000000.0,797946000000.0,2340170000000.0,462672000000.0,196350000.0,19790.425261013497
Burkina Faso,2010,9221846[6578000-12230000],43695[37300-50100],9221846,6578000.0,12230000.0,43695,37300.0,50100.0,Africa,804539.0,9024.0,93423736064.0,1026240000000.0,4304430000000.0,723192000000.0,5002180000000.0,1100000000000.0,1006580000000.0,3581240000000.0,1428490000000.0,16120000.000000002,310308.93300248135
Burundi,2010,1608931[955000-2677000],4801[3840-5760],1608931,955000.0,2677000.0,4801,3840.0,5760.0,Africa,1763447.0,2677.0,17651000000.0,242823000000.0,2586520000000.0,445927000000.0,2501050000000.0,415928000000.0,398277000000.0,2140600000000.0,744227000000.0,9130000.0,273937.56845564075
Cabo Verde,2010,47,1,47,0.0,0.0,1,0.0,0.0,Africa,47.0,1.0,3399300000.0,45270800000.0,112865000000.0,25536400000.0,138569000000.0,66024200000.0,62624900000.0,87328200000.0,85591000000.0,520000.0,266478.8461538461
Cambodia,2010,361377[304000-430000],659[40-1170],361377,304000.0,430000.0,659,40.0,1170.0,Western Pacific,49356.0,151.0,552150000000.0,25444900000000.0,41231200000000.0,2985050000000.0,47048000000000.0,8171130000000.0,7618980000000.0,38246200000000.0,28003400000000.0,14360000.0,3276323.119777159
Cameroon,2010,5361329[3578000-7972000],12340[9450-15200],5361329,3578000.0,7972000.0,12340,9450.0,15200.0,Africa,0.0,4536.0,-40476676040.0,3044530000000.0,11469900000000.0,1553380000000.0,13610600000000.0,2480990000000.0,2521470000000.0,9916550000000.0,3384900000000.0,19880000.0,684637.8269617707
Central African Republic,2010,2140887[1060000-3519000],8165[6590-9730],2140887,1060000.0,3519000.0,8165,6590.0,9730.0,Africa,0.0,526.0,7499000000.0,123250000000.0,1000090000000.0,127693000000.0,1060140000000.0,178568000000.0,171069000000.0,872393000000.0,241762000000.0,4660000.0,227497.85407725323
Chad,2010,3594883[2594000-4735000],13695[10300-17000],3594883,2594000.0,4735000.0,13695,10300.0,17000.0,Africa,200448.0,886.0,139704000000.0,2326640000000.0,4187730000000.0,597362000000.0,6030560000000.0,1374510000000.0,1234800000000.0,3590370000000.0,1858320000000.0,11890000.0,507195.9629941127
China,2010,4990,19,4990,0.0,0.0,19,0.0,0.0,Western Pacific,4990.0,19.0,1082600000000.0,11203600000000.0,20158100000000.0,6011600000000.0,41211900000000.0,19186700000000.0,18104100000000.0,14146500000000.0,9697900000000.0,1348190000.0,30568.31752201099
Colombia,2010,163874[125000-204000],42,163874,125000.0,204000.0,42,0.0,0.0,Americas,117589.0,42.0,-859000000000.0,88904000000000.0,433584000000000.0,74864000000000.0,544060000000000.0,119088000000000.0,119947000000000.0,358720000000000.0,97516000000000.0,44820000.0,12138777.331548415
Comoros,2010,36538,90[3-140],36538,0.0,0.0,90,3.0,140.0,Africa,36538.0,53.0,1053000000.0,32478000000.0,344014000000.0,31418846168.0,336947000000.0,61240000000.0,60187000000.0,312595000000.0,100785000000.0,660000.0,510525.75757575757
Congo,2010,835820[468000-1370000],1962[1710-2210],835820,468000.0,1370000.0,1962,1710.0,2210.0,Americas,0.0,0.0,547157000000.0,4458270000000.0,2590490000000.0,687773000000.0,6505750000000.0,3070080000000.0,2522920000000.0,1902710000000.0,3613080000000.0,4440000.0,1465259.009009009
Costa Rica,2010,110,0,110,0.0,0.0,0,0.0,0.0,Americas,110.0,0.0,74754418494.0,6500880000000.0,16241500000000.0,3291230000000.0,19802000000000.0,3927510000000.0,3852760000000.0,12950200000000.0,6867870000000.0,4620000.0,4286147.186147186
Democratic Republic of the Congo,2010,23691683[16060000-35620000],62375[48100-76600],23691683,16060000.0,35620000.0,62375,48100.0,76600.0,Africa,2417780.0,23476.0,11600000000.0,8031800000000.0,15579300000000.0,1891000000000.0,19536700000000.0,5622900000000.0,5611300000000.0,13688300000000.0,9697300000000.0,66390000.0,294271.7276698298
Djibouti,2010,1010,0,1010,0.0,0.0,0,0.0,0.0,Eastern Mediterranean,1010.0,0.0,87017901583.0,146043000000.0,177321000000.0,50604607014.0,221023000000.0,145337000000.0,58318912567.0,126716000000.0,247677000000.0,920000.0,240242.39130434784
Dominican Republic,2010,4247[3600-5000],10[0-20],4247,3600.0,5000.0,10,0.0,20.0,Americas,3414.0,15.0,23462593650.0,449706000000.0,1671210000000.0,196875000000.0,1983200000000.0,523168000000.0,499705000000.0,1474340000000.0,660886000000.0,9780000.0,202781.18609406953
Ecuador,2010,1888,0,1888,0.0,0.0,0,0.0,0.0,Americas,1888.0,0.0,2373567000.0,19402439000.0,53193172000.0,9181067000.0,69555367000.0,19501456000.0,17127889000.0,44012105000.0,22541700000.0,14990000.0,4640.117878585724
Egypt,2010,0,2,0,0.0,0.0,2,0.0,0.0,Eastern Mediterranean,0.0,2.0,3641000000.0,257552000000.0,1034450000000.0,134653000000.0,1206640000000.0,235468000000.0,231827000000.0,899800000000.0,320833000000.0,87250000.0,13829.684813753582
El Salvador,2010,19,0,19,0.0,0.0,0,0.0,0.0,Americas,19.0,0.0,353924759.0,4971100000.0,18996254192.0,2898464011.0,18447922436.0,3075568244.0,2721643485.0,16097790181.0,8595000000.0,6110000.0,3019.299907692308
Equatorial Guinea,2010,381639[239000-558000],1047[840-1260],381639,239000.0,558000.0,1047,840.0,1260.0,Africa,53813.0,30.0,-344310000000.0,6922670000000.0,2832980000000.0,943347000000.0,8072290000000.0,3072020000000.0,3416330000000.0,1889630000000.0,4755370000000.0,1090000.0,7405770.642201835
Eritrea,2010,83471[53000-119000],161[9-330],83471,53000.0,119000.0,161,9.0,330.0,Africa,35982.0,27.0,0.0,1558798686.0,26357125967.0,6481260826.0,24438800000.0,4441352272.0,4441352272.0,19875865141.0,7918476926.0,3150000.0,7758.349206349207
Eswatini,2010,268,0[0-1],268,0.0,0.0,0,0.0,1.0,Africa,268.0,8.0,0.0,15101800000.0,33204803000.0,6791520000.0,32497184586.0,4707250000.0,4707250000.0,26413283000.0,19361200000.0,1100000.0,29542.895078181817
Ethiopia,2010,7701107[478000-27080000],14514[60-64700],7701107,478000.0,27080000.0,14514,60.0,64700.0,Africa,1158197.0,1581.0,0.0,52168000000.0,343933000000.0,34801000000.0,379135000000.0,102403000000.0,102403000000.0,309132000000.0,126319000000.0,89240000.0,4248.487225459436
Gabon,2010,285725[130000-549000],413[360-460],285725,130000.0,549000.0,413,360.0,460.0,Africa,13936.0,182.0,-121000000000.0,4100700000000.0,3138200000000.0,959100000000.0,7111500000000.0,2112500000000.0,2233500000000.0,2179100000000.0,2240000000000.0,1710000.0,4158771.9298245613
Gambia,2010,465479[367000-580000],619[520-720],465479,367000.0,580000.0,619,520.0,720.0,Africa,116353.0,151.0,0.0,5697762000.0,42462467371.0,3682798284.0,43230706492.0,5114406898.0,5114406898.0,38779669088.0,8828380000.0,1940000.0,22283.869325773197
Georgia,2010,0,0,0,0.0,0.0,0,0.0,0.0,Europe,0.0,0.0,350105418.0,7191219174.0,21050295549.0,3332382777.0,21821569222.0,4478673830.0,4128568412.0,17717912772.0,10898619332.0,3840000.0,5682.700318229166
Ghana,2010,9171294[6265000-13160000],15241[13200-17300],9171294,6265000.0,13160000.0,15241,13200.0,17300.0,Africa,1071637.0,3859.0,1300618998.0,13571713054.0,50717959172.0,5058875822.0,60943660993.0,15905277920.0,14604658922.0,45659083350.0,19917908769.0,25570000.0,2383.4048100508408
Guatemala,2010,9545[7900-12000],3[1-7],9545,7900.0,12000.0,3,1.0,7.0,Americas,7384.0,0.0,280313193.0,78453495828.0,315709000000.0,36673126664.0,327807000000.0,51669626896.0,51389313703.0,279036000000.0,118540000000.0,14540000.0,22545.18569463549
Guinea,2010,4348149[3111000-5940000],12896[10200-15600],4348149,3111000.0,5940000.0,12896,10200.0,15600.0,Africa,20936.0,735.0,466295000000.0,11906900000000.0,36315400000000.0,4932190000000.0,39243400000000.0,7976390000000.0,7510090000000.0,31383200000000.0,16955300000000.0,10270000.0,3821168.4518013634
Guinea-Bissau,2010,122027[67000-203000],664[550-770],122027,67000.0,203000.0,664,550.0,770.0,Africa,50391.0,296.0,497000000.0,83742000000.0,457280000000.0,63956000000.0,420515000000.0,27666000000.0,27169000000.0,393324000000.0,148173000000.0,1570000.0,267843.949044586
Guyana,2010,32656[26000-41000],57[4-100],32656,26000.0,41000.0,57,4.0,100.0,Americas,22935.0,24.0,0.0,350345000000.0,716299000000.0,105652000000.0,699064000000.0,177532000000.0,177532000000.0,610647000000.0,545114000000.0,750000.0,932085.3333333334
Haiti,2010,82766[48000-131000],211[5-480],82766,48000.0,131000.0,211,5.0,480.0,Americas,84153.0,8.0,0.0,32345398286.0,490439000000.0,34794007475.0,470074000000.0,119455000000.0,119455000000.0,455645000000.0,172165000000.0,9840000.0,47771.74796747968
Honduras,2010,13106[10000-16000],7[2-10],13106,10000.0,16000.0,7,2.0,10.0,Americas,9744.0,3.0,969462456.0,136950000000.0,287447000000.0,53651300000.0,299286000000.0,65483300000.0,64513837544.0,233796000000.0,190594000000.0,8450000.0,35418.46153846154
India,2010,20490000[15080000-28300000],30930[2770-58600],20490000,15080000.0,28300000.0,30930,2770.0,58600.0,South-East Asia,1599986.0,1018.0,3335490000000.0,17101900000000.0,50183300000000.0,8403730000000.0,76344700000000.0,30375200000000.0,27039700000000.0,41779500000000.0,20501800000000.0,1240610000.0,61538.03370922369
Indonesia,2010,2730079[2199000-3531000],4364[380-8290],2730079,2199000.0,3531000.0,4364,380.0,8290.0,South-East Asia,465764.0,432.0,129095000000000.0,1670000000000000.0,4480000000000000.0,618178000000000.0,6860000000000000.0,2260000000000000.0,2130000000000000.0,3860000000000000.0,1540000000000000.0,244020000.0,28112449.799196787
Iran (Islamic Republic of),2010,1847,0,1847,0.0,0.0,0,0.0,0.0,Eastern Mediterranean,1847.0,0.0,543003000000000.0,1280000000000000.0,3020000000000000.0,760973000000000.0,5370000000000000.0,2120000000000000.0,1580000000000000.0,2250000000000000.0,975487000000000.0,75370000.0,71248507.36367255
Iraq,2010,0,0,0,0.0,0.0,0,0.0,0.0,Eastern Mediterranean,0.0,0.0,-634495000000.0,75539600000000.0,121429000000000.0,36256600000000.0,162065000000000.0,30409700000000.0,31044200000000.0,85171900000000.0,65313200000000.0,31260000.0,5184420.985284708
Kazakhstan,2010,0,0,0,0.0,0.0,0,0.0,0.0,Europe,0.0,0.0,228231000000.0,9652100000000.0,12258800000000.0,2358770000000.0,21815500000000.0,5535370000000.0,5307140000000.0,9899990000000.0,6521550000000.0,16629999.999999998,1311815.995189417
Kenya,2010,2845913[1647000-4630000],11375[10000-12700],2845913,1647000.0,4630000.0,11375,10000.0,12700.0,Africa,898531.0,26017.0,14854913086.0,724214000000.0,3086220000000.0,466050000000.0,3597630000000.0,764993000000.0,750138000000.0,2620170000000.0,1088910000000.0,41520000.0,86648.12138728323
Kyrgyzstan,2010,3,0,3,0.0,0.0,0,0.0,0.0,Europe,3.0,0.0,-1565300000.0,113610000000.0,226369000000.0,39946500000.0,220369000000.0,60384700000.0,61950000000.0,186423000000.0,179994000000.0,5480000.0,40213.32116788321
Liberia,2010,1295630[838000-2051000],2764[2280-3250],1295630,838000.0,2051000.0,2764,2280.0,3250.0,Africa,922173.0,1422.0,0.0,215000000.0,1509000000.0,280000000.0,1292000000.0,242000000.0,242000000.0,1229000000.0,674000000.0,4019999.9999999995,321.3930348258707
Madagascar,2010,937413[559000-1501000],2399[70-5360],937413,559000.0,1501000.0,2399,70.0,5360.0,Africa,202450.0,427.0,238154000000.0,4563730000000.0,18171700000000.0,2736450000000.0,20863400000000.0,5638820000000.0,5400670000000.0,15435300000000.0,7510920000000.0,21730000.0,960119.6502531063
Malawi,2010,4602005[3214000-6681000],9506[7800-11200],4602005,3214000.0,6681000.0,9506,7800.0,11200.0,Africa,0.0,8206.0,10129400000.0,183289000000.0,1116840000000.0,95280900000.0,1047340000000.0,169864000000.0,159734000000.0,1021560000000.0,395938000000.0,14720000.0,71150.81521739131
Malaysia,2010,5194,13,5194,0.0,0.0,13,0.0,0.0,Western Pacific,5194.0,13.0,7813000000.0,714075000000.0,498591000000.0,103346000000.0,821434000000.0,192105000000.0,184292000000.0,395245000000.0,583337000000.0,28720000.0,28601.462395543174
Mali,2010,5772983[4132000-7960000],17725[13900-21600],5772983,4132000.0,7960000.0,17725,13900.0,21600.0,Africa,227482.0,3006.0,171959000000.0,1207840000000.0,4669350000000.0,829710000000.0,5288940000000.0,1270710000000.0,1098750000000.0,3839640000000.0,1858960000000.0,15530000.0,340562.7817128139
Mauritania,2010,128567[21000-287000],1226[1040-1410],128567,21000.0,287000.0,1226,1040.0,1410.0,Africa,6367.0,60.0,-1596122455.0,71032057017.0,108228000000.0,20996361959.0,155297000000.0,50085120820.0,51681243275.0,87231954720.0,74048010134.0,3420000.0,45408.47953216374
Mexico,2010,1226,0,1226,0.0,0.0,0,0.0,0.0,Americas,1226.0,0.0,161786000000.0,3969500000000.0,10308200000000.0,1573400000000.0,13366400000000.0,3046610000000.0,2884830000000.0,8734840000000.0,4151950000000.0,112530000.0,118780.76957255843
Morocco,2010,3,2,3,0.0,0.0,2,0.0,0.0,Eastern Mediterranean,3.0,2.0,30674964779.0,246736000000.0,626400000000.0,143253000000.0,811647000000.0,270328000000.0,239653000000.0,483146000000.0,331817000000.0,32460000.0,25004.52865064695
Mozambique,2010,8455521[6102000-11640000],17542[14200-20900],8455521,6102000.0,11640000.0,17542,14200.0,20900.0,Africa,1522577.0,3354.0,18562287826.0,107266000000.0,346241000000.0,67299656680.0,377115000000.0,82737785040.0,64175497214.0,278941000000.0,159130000000.0,23070000.0,16346.553966189857
Myanmar,2010,2019172[1393000-3044000],3885[240-8270],2019172,1393000.0,3044000.0,3885,240.0,8270.0,South-East Asia,420808.0,788.0,66571700000.0,7466080000000.0,27981000000000.0,2498070000000.0,43042300000000.0,11382200000000.0,11315600000000.0,25482900000000.0,6651310000000.0,49390000.0,871478.0319902814
Namibia,2010,2601[800-6200],6[0-20],2601,800.0,6200.0,6,0.0,20.0,Africa,556.0,63.0,-957756825.0,40457917321.0,72316329434.0,21107476536.0,82599188455.0,19926476500.0,20884233325.0,51208852898.0,50101534800.0,2100000.0,39332.94688333333
Nepal,2010,30690[15000-63000],27[4-70],30690,15000.0,63000.0,27,4.0,70.0,South-East Asia,3894.0,6.0,57944194512.0,114299000000.0,1275940000000.0,119480000000.0,1345430000000.0,388133000000.0,330189000000.0,1156460000000.0,429135000000.0,27160000.0,49537.18703976436
Nicaragua,2010,866[730-1000],0[0-1],866,730.0,1000.0,0,0.0,1.0,Americas,692.0,1.0,6857600454.0,75694808011.0,176933000000.0,26369163646.0,187053000000.0,46463629584.0,39606029131.0,150564000000.0,112039000000.0,5860000.0,31920.307167235496
Niger,2010,7007707[3855000-10710000],21750[16400-27200],7007707,3855000.0,10710000.0,21750,16400.0,27200.0,Africa,620058.0,3929.0,31738000000.0,680398000000.0,3286520000000.0,536078000000.0,3779680000000.0,1232760000000.0,1201020000000.0,2750440000000.0,1420000000000.0,16649999.999999998,227007.80780780784
Nigeria,2010,60749349[43800000-83240000],146734[115000-179000],60749349,43800000.0,83240000.0,146734,115000.0,179000.0,Africa,551187.0,4238.0,408003000000.0,14013800000000.0,42141700000000.0,4832150000000.0,54612300000000.0,9591060000000.0,9183060000000.0,37534000000000.0,9644610000000.0,160950000.0,339312.20876048465
Oman,2010,7,0,7,0.0,0.0,0,0.0,0.0,Eastern Mediterranean,7.0,0.0,-40893067.0,14767687353.0,12197937794.0,4092008432.0,24990019372.0,7343707853.0,7384600919.0,8105929361.0,9319313628.0,2880000.0,8677.090059722223
Pakistan,2010,1445704[660000-2959000],1617[190-4250],1445704,660000.0,2959000.0,1617,190.0,4250.0,Eastern Mediterranean,240591.0,0.0,255910000000.0,2068580000000.0,14033800000000.0,1567460000000.0,15587000000000.0,2479070000000.0,2223160000000.0,12466400000000.0,3001850000000.0,194450000.0,80159.42401645667
Panama,2010,444[430-470],1,444,430.0,470.0,1,0.0,0.0,Americas,418.0,1.0,2531700000.0,20620600000.0,20601400000.0,3713100000.0,29440287581.0,11250000000.0,8718300000.0,16888300000.0,23031700000.0,3620000.0,8132.676127348066
Papua New Guinea,2010,1240109[439000-2154000],2634[100-6250],1240109,439000.0,2154000.0,2634,100.0,6250.0,Western Pacific,93956.0,616.0,525708441.0,24658463118.0,29808999100.0,5845104460.0,38752078674.0,9436410467.0,8910702025.0,23963894640.0,25151794011.0,7580000.0,5112.411434564644
Paraguay,2010,18,0,18,0.0,0.0,0,0.0,0.0,Americas,18.0,0.0,3283280000000.0,54399500000000.0,94422300000000.0,11697600000000.0,129093000000000.0,30769200000000.0,27486000000000.0,82724700000000.0,50498100000000.0,5770000.0,22373136.915077988
Peru,2010,37121[33000-42000],0,37121,33000.0,42000.0,0,0.0,0.0,Americas,31546.0,0.0,1030000000.0,115975000000.0,301168000000.0,43870000000.0,416784000000.0,99030000000.0,98000000000.0,257298000000.0,99389000000.0,29230000.0,14258.775230927129
Philippines,2010,54209[39000-71000],114[5-220],54209,39000.0,71000.0,114,5.0,220.0,Western Pacific,18560.0,30.0,1856549183.0,3090050000000.0,7511370000000.0,913664000000.0,9399450000000.0,1921410000000.0,1919560000000.0,6597710000000.0,3123390000000.0,94640000.0,99317.9416737109
Republic of Korea,2010,1267,1,1267,0.0,0.0,1,0.0,0.0,Western Pacific,1267.0,1.0,30752000000000.0,622999000000000.0,854936000000000.0,187875000000000.0,1320000000000000.0,430538000000000.0,399786000000000.0,667061000000000.0,585862000000000.0,48810000.0,27043638.598647818
Rwanda,2010,1260186[848000-1729000],3253[2820-3690],1260186,848000.0,1729000.0,3253,2820.0,3690.0,Africa,638669.0,670.0,23000000000.0,384000000000.0,3400000000000.0,467000000000.0,3569000000000.0,733000000000.0,710000000000.0,2933000000000.0,948000000000.0,10310000.0,346168.76818622695
Sao Tome and Principe,2010,2740,14,2740,0.0,0.0,14,0.0,0.0,Africa,2740.0,14.0,28004995.0,487082906.0,4047690215.0,1060180795.0,3652623292.0,1399238729.0,1371233734.0,2987509421.0,2281388558.0,180000.0,20292.35162222222
Saudi Arabia,2010,29,0,29,0.0,0.0,0,0.0,0.0,Eastern Mediterranean,29.0,0.0,128661000000.0,981867000000.0,1039590000000.0,400173000000.0,1980780000000.0,612582000000.0,483921000000.0,639417000000.0,653261000000.0,29410000.0,67350.56103366202
Senegal,2010,792643[563000-1046000],4284[3710-4860],792643,563000.0,1046000.0,4284,3710.0,4860.0,Africa,330331.0,553.0,107692000000.0,1593850000000.0,7371180000000.0,1129730000000.0,7976730000000.0,1602280000000.0,1494590000000.0,6241450000000.0,2590570000000.0,12530000.0,636610.53471668
Sierra Leone,2010,3031470[1954000-4234000],23575[20400-26800],3031470,1954000.0,4234000.0,23575,20400.0,26800.0,Africa,934028.0,8188.0,48576904093.0,1722430000000.0,8870910000000.0,1074170000000.0,10255600000000.0,3198680000000.0,3150100000000.0,7796740000000.0,3536400000000.0,6440000.0,1592484.4720496894
Solomon Islands,2010,91425[65000-132000],163[10-330],91425,65000.0,132000.0,163,10.0,330.0,Western Pacific,39704.0,34.0,860958559.0,2546000000.0,6954300000.0,2284800000.0,7242958559.0,2160658559.0,1299700000.0,4669500000.0,4418000000.0,540000.0,13412.88622037037
Somalia,2010,356323[214000-527000],912[20-1990],356323,214000.0,527000.0,912,20.0,1990.0,Eastern Mediterranean,24553.0,6.0,987198446.0,11618000000000.0,106949000000000.0,3528870000000.0,84046800000000.0,11284400000000.0,11283400000000.0,103420000000000.0,45804200000000.0,12030000.0,6986433.91521197
South Africa,2010,8060,83,8060,0.0,0.0,83,0.0,0.0,Africa,8060.0,83.0,1039179811.0,787842000000.0,2455600000000.0,549890000000.0,3055610000000.0,537655000000.0,536616000000.0,1905710000000.0,752374000000.0,51780000.0,59011.39436075705
South Sudan,2010,1940101[1283000-2836000],5286[4470-6110],1940101,1283000.0,2836000.0,5286,4470.0,6110.0,Africa,900283.0,1053.0,0.0,21443954379.0,22307175945.0,5853309289.0,34417041323.0,3845266854.0,3835105854.0,16453866656.0,13169200357.0,9710000.0,3544.4944719876416
Sri Lanka,2010,684,0,684,0.0,0.0,0,0.0,0.0,South-East Asia,684.0,0.0,377651000000.0,1254020000000.0,4932550000000.0,542330000000.0,6413670000000.0,1946710000000.0,1569060000000.0,4390220000000.0,1719610000000.0,20670000.0,310288.824383164
Sudan,2010,961960[606000-1453000],2462[70-5520],961960,606000.0,1453000.0,2462,70.0,5520.0,Eastern Mediterranean,720557.0,1023.0,3089239000.0,6077945621.0,102425000000.0,6147490711.0,126229000000.0,30958633146.0,27869394146.0,96277533344.0,13242299643.0,33740000.0,3741.2270302311795
Suriname,2010,1712,1,1712,0.0,0.0,1,0.0,0.0,Americas,1712.0,1.0,0.0,5978745195.0,6662832249.0,1720606623.0,12304479912.0,4559593182.0,4559593182.0,4942225626.0,5033137276.0,550000.0,22371.78165818182
Syrian Arab Republic,2010,0,0,0,0.0,0.0,0,0.0,0.0,Eastern Mediterranean,0.0,0.0,165163000000.0,911773000000.0,2037530000000.0,346055000000.0,2791780000000.0,745074000000.0,579911000000.0,1691480000000.0,902606000000.0,22340000.0,124967.77081468218
Tajikistan,2010,111,0,111,0.0,0.0,0,0.0,0.0,Europe,111.0,0.0,-159000000.0,6620600000.0,23726200000.0,2798500000.0,24706900000.0,5891600000.0,6050600000.0,20927700000.0,14577700000.0,7620000.0,3242.3753280839896
Thailand,2010,32480,80,32480,0.0,0.0,80,0.0,0.0,South-East Asia,32480.0,80.0,147419000000.0,7185920000000.0,7346990000000.0,1707780000000.0,10808100000000.0,2740590000000.0,2593170000000.0,5639210000000.0,6567500000000.0,68270000.0,158314.04716566575
Timor-Leste,2010,103604[74000-137000],200[10-390],103604,74000.0,137000.0,200,10.0,390.0,South-East Asia,48137.0,58.0,155158.0,75532265.0,1539403106.0,909808771.0,881827795.0,376650822.0,376495663.0,629594336.0,1109758399.0,1090000.0,809.0163256880734
Togo,2010,2366948[1580000-3356000],5064[4100-6030],2366948,1580000.0,3356000.0,5064,4100.0,6030.0,Africa,617101.0,1507.0,-48207000000.0,651128000000.0,2242950000000.0,307545000000.0,2348490000000.0,372010000000.0,420217000000.0,1935400000000.0,917601000000.0,6570000.0,357456.6210045662
Turkmenistan,2010,0,0,0,0.0,0.0,0,0.0,0.0,Europe,0.0,0.0,0.0,49118163300.0,9237325500.0,5990407000.0,64362000000.0,33391538000.0,33391538000.0,3246918500.0,28625026800.0,5270000.0,12212.90322580645
Uganda,2010,11503116[7618000-17700000],21558[17200-26000],11503116,7618000.0,17700000.0,21558,17200.0,26000.0,Africa,1581160.0,8431.0,270012000000.0,7314300000000.0,54262000000000.0,4636400000000.0,66853000000000.0,16116500000000.0,15846500000000.0,49625600000000.0,19171700000000.0,32340000.000000004,2067192.3314780456
United Arab Emirates,2010,0,0,0,0.0,0.0,0,0.0,0.0,Eastern Mediterranean,0.0,0.0,25122974248.0,875260000000.0,556298000000.0,106755000000.0,1064240000000.0,288635000000.0,263512000000.0,449543000000.0,655948000000.0,8480000.0,125500.0
Uzbekistan,2010,3,0,3,0.0,0.0,0,0.0,0.0,Europe,3.0,0.0,3621210000000.0,19162200000000.0,58433500000000.0,9871240000000.0,78936600000000.0,21453600000000.0,17832300000000.0,48562300000000.0,19718700000000.0,28610000.0,2759056.2740300596
Vanuatu,2010,15695[12000-20000],20[2-40],15695,12000.0,20000.0,20,2.0,40.0,Western Pacific,8169.0,1.0,549000000.0,31665000000.0,53962000000.0,11876000000.0,67912000000.0,23538000000.0,22989000000.0,42086000000.0,35816000000.0,250000.0,271648.0
Viet Nam,2010,23062[21000-26000],45[2-80],23062,21000.0,26000.0,45,2.0,80.0,Western Pacific,17515.0,21.0,53136200000000.0,1480000000000000.0,1890000000000000.0,284486000000000.0,2740000000000000.0,1020000000000000.0,963320000000000.0,1600000000000000.0,1640000000000000.0,87410000.0,31346527.857224572
Yemen,2010,1134927[611000-2686000],2874[90-8490],1134927,611000.0,2686000.0,2874,90.0,8490.0,Eastern Mediterranean,106697.0,92.0,-44834472319.0,2034050000000.0,5786390000000.0,886613000000.0,6786810000000.0,1299870000000.0,1344700000000.0,4899780000000.0,2333490000000.0,24740000.0,274325.38399353274
Zambia,2010,2169307[1449000-3095000],6544[5580-7510],2169307,1449000.0,3095000.0,6544,5580.0,7510.0,Africa,0.0,4834.0,3871900000.0,35995100000.0,62190470000.0,9118530000.0,97215900000.0,29045700000.0,25173800000.0,53071940000.0,30015400000.0,13790000.0,7049.738941261784
Zimbabwe,2010,1095083[606000-1717000],2803[80-6190],1095083,606000.0,1717000.0,2803,80.0,6190.0,Africa,249379.0,255.0,210918067.0,3569254416.0,12653262777.0,1844254601.0,12041655177.0,2259412007.0,2048493940.0,10809008175.0,6440274022.0,12840000.0,937.8236119158878
